Text,Date,Time,Draft,Facebook,Twitter,LinkedIn,Instagram,Pinterest,TikTok,Picture Url 1,Picture Url 2
"The supplier sets the ceiling on your research quality.

How to evaluate a research supplier — today's research education note from Lion Elite Wellness.

• Batch-specific testing, clear labeling, and traceability are the baseline.
• Professional language is a signal — hype is a red flag.
• Consistency across orders matters more than a single good batch.

Interested in partnering? Ask about the Lion Elite Wellness affiliate program.

For laboratory research purposes only. Not for human or veterinary use.",2026-08-09,09:00,FALSE,TRUE,FALSE,FALSE,FALSE,FALSE,FALSE,,
"The supplier sets the ceiling on your research quality.

Interested in partnering? Ask about the Lion Elite Wellness affiliate program.

For laboratory research purposes only. Not for human or veterinary use.",2026-08-09,09:00,FALSE,FALSE,TRUE,FALSE,FALSE,FALSE,FALSE,,
"How to evaluate a research supplier

The supplier sets the ceiling on your research quality.

— Batch-specific testing, clear labeling, and traceability are the baseline.
— Professional language is a signal — hype is a red flag.
— Consistency across orders matters more than a single good batch.

Interested in partnering? Ask about the Lion Elite Wellness affiliate program.

For laboratory research purposes only. Not for human or veterinary use.",2026-08-09,09:00,FALSE,FALSE,FALSE,TRUE,FALSE,FALSE,FALSE,,
"The supplier sets the ceiling on your research quality.

How to evaluate a research supplier — today's research education note from Lion Elite Wellness.

• Batch-specific testing, clear labeling, and traceability are the baseline.
• Professional language is a signal — hype is a red flag.
• Consistency across orders matters more than a single good batch.

Interested in partnering? Ask about the Lion Elite Wellness affiliate program.

For laboratory research purposes only. Not for human or veterinary use.

#ResearchEducation #PeptideResearch #ScientificLiteracy #LabStandards #LionEliteWellness",2026-08-09,09:00,FALSE,FALSE,FALSE,FALSE,TRUE,FALSE,FALSE,,
"Most plans do not fail from bad information. They fail alone.

The accountability gap — today's standard from Lion Elite Beauty.

• Accountability is a structure, not a personality trait.
• Weekly check-ins keep the plan honest.
• Coaching closes the gap between knowing and doing.

Comment READY and we will send you the first step.",2026-08-09,10:00,FALSE,TRUE,FALSE,FALSE,FALSE,FALSE,FALSE,,
"Most plans do not fail from bad information. They fail alone.

Comment READY and we will send you the first step.",2026-08-09,10:00,FALSE,FALSE,TRUE,FALSE,FALSE,FALSE,FALSE,,
"The accountability gap

Most plans do not fail from bad information. They fail alone.

— Accountability is a structure, not a personality trait.
— Weekly check-ins keep the plan honest.
— Coaching closes the gap between knowing and doing.

Comment READY and we will send you the first step.",2026-08-09,10:00,FALSE,FALSE,FALSE,TRUE,FALSE,FALSE,FALSE,,
"Most plans do not fail from bad information. They fail alone.

The accountability gap — today's standard from Lion Elite Beauty.

• Accountability is a structure, not a personality trait.
• Weekly check-ins keep the plan honest.
• Coaching closes the gap between knowing and doing.

Comment READY and we will send you the first step.

#LionEliteBeauty #DisciplineDaily #Biomarkers #WellnessCoaching #HigherStandard",2026-08-09,10:00,FALSE,FALSE,FALSE,FALSE,TRUE,FALSE,FALSE,,
"A cell study and an approved therapy are separated by years of work.

Sourcing for a lab or research team? Reach out about wholesale inquiries.

For laboratory research purposes only. Not for human or veterinary use.

#ResearchEducation #PeptideResearch #ScientificLiteracy #LabStandards #LionEliteWellness",2026-08-09,12:30,FALSE,FALSE,FALSE,FALSE,TRUE,FALSE,FALSE,,
"HOOK (0-3s, on camera or bold text): A cell study and an approved therapy are separated by years of work.

BODY (talking points, one per cut):
1. Preclinical research happens in laboratory models, not in patients.
2. Interesting early findings are the start of a question, not an answer.
3. Scientific literacy means knowing which stage a study belongs to.

CTA (final 3s): Sourcing for a lab or research team? Reach out about wholesale inquiries.

ON-SCREEN DISCLAIMER (visible full duration): see below.

For laboratory research purposes only. Not for human or veterinary use.",2026-08-09,12:30,FALSE,FALSE,FALSE,FALSE,FALSE,FALSE,TRUE,,
"Feelings lie week to week. Trends do not.

Apply for the coaching program — the link is in our bio.

#LionEliteBeauty #DisciplineDaily #Biomarkers #WellnessCoaching #HigherStandard",2026-08-09,13:30,FALSE,FALSE,FALSE,FALSE,TRUE,FALSE,FALSE,,
"HOOK (0-3s, on camera or bold text): Feelings lie week to week. Trends do not.

BODY (talking points, one per cut):
1. Track sleep, training, nutrition adherence, and recovery markers.
2. Review trends weekly, adjust one variable at a time.
3. Objective feedback keeps emotion out of the decision.

CTA (final 3s): Apply for the coaching program — the link is in our bio.",2026-08-09,13:30,FALSE,FALSE,FALSE,FALSE,FALSE,FALSE,TRUE,,
